,Threshold,AUC-ROC,KS,Precision,Recall,F1,Brier
Default (0.5),0.5,0.9523,0.7703,0.9608,0.7546,0.8453,0.0492
Optimal F1,0.5220000147819519,0.9523,0.7703,0.968,0.7531,0.8471,0.0492
High Recall (bank),0.2939999997615814,0.9523,0.7703,0.8551,0.8,0.8266,0.0492
